Entry,Titel,Dag,DAG,Maand,MAAND,Jaar,URL_full,URL_cut_out,keywords
2,Leeuwarder courant,04,4,01,1,1870,https://imageviewer.kb.nl/ImagingService/imagingService?id=ddd:010585904:mpeg21:p002:image&coords=ddd:010585904:mpeg21:p002:alto&w=1000&colour=fefe56,https://imageviewer.kb.nl/ImagingService/imagingService?id=ddd:010585904:mpeg21:p002:image&coords=ddd:010585904:mpeg21:p002:alto&w=1000&colour=fefe56&s=1.0909289259805&x=2052&h=2000&y=306,"['eerste*', 'hypothe*', 'hypothe*b*', 'Hypothe*r', 'onderpa*', 'Pandbrie*', 'soli*d*', 'verban*']"
3,Leeuwarder courant,07,7,01,1,1870,https://imageviewer.kb.nl/ImagingService/imagingService?id=ddd:010585905:mpeg21:p004:image&coords=ddd:010585905:mpeg21:p004:alto&w=1000&colour=fefe56,https://imageviewer.kb.nl/ImagingService/imagingService?id=ddd:010585905:mpeg21:p004:image&coords=ddd:010585905:mpeg21:p004:alto&w=1000&colour=fefe56&s=0.54421768707483&x=550&h=2000&y=-380,"['eerste*', 'hypothe*']"
4,Leeuwarder courant,07,7,01,1,1870,https://imageviewer.kb.nl/ImagingService/imagingService?id=ddd:010585905:mpeg21:p006:image&coords=ddd:010585905:mpeg21:p006:alto&w=1000&colour=fefe56,https://imageviewer.kb.nl/ImagingService/imagingService?id=ddd:010585905:mpeg21:p006:image&coords=ddd:010585905:mpeg21:p006:alto&w=1000&colour=fefe56&s=1.0822510822511&x=1082&h=2000&y=2383,"['eerste*', 'hypothe*', 'notaris']"
5,Leeuwarder courant,09,9,01,1,1870,https://imageviewer.kb.nl/ImagingService/imagingService?id=ddd:010585906:mpeg21:p003:image&coords=ddd:010585906:mpeg21:p003:alto&w=1000&colour=fefe56,https://imageviewer.kb.nl/ImagingService/imagingService?id=ddd:010585906:mpeg21:p003:image&coords=ddd:010585906:mpeg21:p003:alto&w=1000&colour=fefe56&s=1.1178180192265&x=74&h=2000&y=1129,"['onderpa*', 'Pandbrie*', 'soli*d*']"
6,Leeuwarder courant,11,11,01,1,1870,https://imageviewer.kb.nl/ImagingService/imagingService?id=ddd:010585907:mpeg21:p004:image&coords=ddd:010585907:mpeg21:p004:alto&w=1000&colour=fefe56,https://imageviewer.kb.nl/ImagingService/imagingService?id=ddd:010585907:mpeg21:p004:image&coords=ddd:010585907:mpeg21:p004:alto&w=1000&colour=fefe56&s=1.0972130787799&x=2102&h=2000&y=838,"['b*sch*kba*r', 'hypoth*', 'hypothe*', 'Ie']"
7,Leeuwarder courant,14,14,01,1,1870,https://imageviewer.kb.nl/ImagingService/imagingService?id=ddd:010585908:mpeg21:p004:image&coords=ddd:010585908:mpeg21:p004:alto&w=1000&colour=fefe56,https://imageviewer.kb.nl/ImagingService/imagingService?id=ddd:010585908:mpeg21:p004:image&coords=ddd:010585908:mpeg21:p004:alto&w=1000&colour=fefe56&s=0.53087009608749&x=527&h=2000&y=-824,"['eerste*', 'hypothe*']"
8,Leeuwarder courant,21,21,01,1,1870,https://imageviewer.kb.nl/ImagingService/imagingService?id=ddd:010585911:mpeg21:p003:image&coords=ddd:010585911:mpeg21:p003:alto&w=1000&colour=fefe56,https://imageviewer.kb.nl/ImagingService/imagingService?id=ddd:010585911:mpeg21:p003:image&coords=ddd:010585911:mpeg21:p003:alto&w=1000&colour=fefe56&s=0.5380683346785&x=513&h=2000&y=561,"['hypothe*', 'le']"
9,Leeuwarder courant,28,28,01,1,1870,https://imageviewer.kb.nl/ImagingService/imagingService?id=ddd:010585914:mpeg21:p002:image&coords=ddd:010585914:mpeg21:p002:alto&w=1000&colour=fefe56,https://imageviewer.kb.nl/ImagingService/imagingService?id=ddd:010585914:mpeg21:p002:image&coords=ddd:010585914:mpeg21:p002:alto&w=1000&colour=fefe56&s=1.1191315539142&x=3102&h=2000&y=4062,"['onderpa*', 'soli*d*']"
10,Leeuwarder courant,28,28,01,1,1870,https://imageviewer.kb.nl/ImagingService/imagingService?id=ddd:010585914:mpeg21:p004:image&coords=ddd:010585914:mpeg21:p004:alto&w=1000&colour=fefe56,https://imageviewer.kb.nl/ImagingService/imagingService?id=ddd:010585914:mpeg21:p004:image&coords=ddd:010585914:mpeg21:p004:alto&w=1000&colour=fefe56&s=0.54955623334158&x=545&h=2000&y=-237,"['bil*k*', 'eerste*', 'gevr*g*', 'hypothe*', 'rente*', 'tegen']"
11,Leeuwarder courant,30,30,01,1,1870,https://imageviewer.kb.nl/ImagingService/imagingService?id=ddd:010585915:mpeg21:p004:image&coords=ddd:010585915:mpeg21:p004:alto&w=1000&colour=fefe56,https://imageviewer.kb.nl/ImagingService/imagingService?id=ddd:010585915:mpeg21:p004:image&coords=ddd:010585915:mpeg21:p004:alto&w=1000&colour=fefe56&s=0.53715789756399&x=535&h=2000&y=-269,"['eerste*', 'hypothe*', 'Ie']"
12,Leeuwarder courant,04,4,02,2,1870,https://imageviewer.kb.nl/ImagingService/imagingService?id=ddd:010585917:mpeg21:p004:image&coords=ddd:010585917:mpeg21:p004:alto&w=1000&colour=fefe56,https://imageviewer.kb.nl/ImagingService/imagingService?id=ddd:010585917:mpeg21:p004:image&coords=ddd:010585917:mpeg21:p004:alto&w=1000&colour=fefe56&s=1.0946907498632&x=1084&h=2000&y=-662,"['bil*k*', 'gevr*g*', 'rente*', 'tegen']"
13,Leeuwarder courant,06,6,02,2,1870,https://imageviewer.kb.nl/ImagingService/imagingService?id=ddd:010585918:mpeg21:p004:image&coords=ddd:010585918:mpeg21:p004:alto&w=1000&colour=fefe56,https://imageviewer.kb.nl/ImagingService/imagingService?id=ddd:010585918:mpeg21:p004:image&coords=ddd:010585918:mpeg21:p004:alto&w=1000&colour=fefe56&s=1.0959504630391&x=111&h=2000&y=3532,"['a*ngebo*den', 'onderpa*']"
14,Leeuwarder courant,06,6,02,2,1870,https://imageviewer.kb.nl/ImagingService/imagingService?id=ddd:010585918:mpeg21:p006:image&coords=ddd:010585918:mpeg21:p006:alto&w=1000&colour=fefe56,https://imageviewer.kb.nl/ImagingService/imagingService?id=ddd:010585918:mpeg21:p006:image&coords=ddd:010585918:mpeg21:p006:alto&w=1000&colour=fefe56&s=1.0959504630391&x=105&h=2000&y=-816,"['eerste*', 'hypothe*', 'hypothe*b*', 'Hypothe*r', 'onderpa*', 'Pandbrie*', 'soli*d*', 'verban*']"
15,Leeuwarder courant,11,11,02,2,1870,https://imageviewer.kb.nl/ImagingService/imagingService?id=ddd:010585920:mpeg21:p010:image&coords=ddd:010585920:mpeg21:p010:alto&w=1000&colour=fefe56,https://imageviewer.kb.nl/ImagingService/imagingService?id=ddd:010585920:mpeg21:p010:image&coords=ddd:010585920:mpeg21:p010:alto&w=1000&colour=fefe56&s=1.0810226474245&x=1098&h=2000&y=2742,"['a*ngebo*den', 'onderpa*', 'soli*d*']"
16,Leeuwarder courant,11,11,02,2,1870,https://imageviewer.kb.nl/ImagingService/imagingService?id=ddd:010585920:mpeg21:p012:image&coords=ddd:010585920:mpeg21:p012:alto&w=1000&colour=fefe56,https://imageviewer.kb.nl/ImagingService/imagingService?id=ddd:010585920:mpeg21:p012:image&coords=ddd:010585920:mpeg21:p012:alto&w=1000&colour=fefe56&s=1.0909289259805&x=2072&h=2000&y=2661,"['bil*k*', 'rente*']"
17,Leeuwarder courant,11,11,02,2,1870,https://imageviewer.kb.nl/ImagingService/imagingService?id=ddd:010585920:mpeg21:p012:image&coords=ddd:010585920:mpeg21:p012:alto&w=1000&colour=fefe56,https://imageviewer.kb.nl/ImagingService/imagingService?id=ddd:010585920:mpeg21:p012:image&coords=ddd:010585920:mpeg21:p012:alto&w=1000&colour=fefe56&s=1.0909289259805&x=2072&h=2000&y=2661,"['bil*k*', 'rente*']"
18,Leeuwarder courant,20,20,02,2,1870,https://imageviewer.kb.nl/ImagingService/imagingService?id=ddd:010585924:mpeg21:p003:image&coords=ddd:010585924:mpeg21:p003:alto&w=1000&colour=fefe56,https://imageviewer.kb.nl/ImagingService/imagingService?id=ddd:010585924:mpeg21:p003:image&coords=ddd:010585924:mpeg21:p003:alto&w=1000&colour=fefe56&s=1.0725010725011&x=994&h=2000&y=1045,"['gevr*g*', 'rente*', 'tegen']"
19,Leeuwarder courant,22,22,02,2,1870,https://imageviewer.kb.nl/ImagingService/imagingService?id=ddd:010585925:mpeg21:p006:image&coords=ddd:010585925:mpeg21:p006:alto&w=1000&colour=fefe56,https://imageviewer.kb.nl/ImagingService/imagingService?id=ddd:010585925:mpeg21:p006:image&coords=ddd:010585925:mpeg21:p006:alto&w=1000&colour=fefe56&s=0.54143317361055&x=540&h=2000&y=1217,"['eerste*', 'hypothe*', 'le']"
20,Leeuwarder courant,25,25,02,2,1870,https://imageviewer.kb.nl/ImagingService/imagingService?id=ddd:010585926:mpeg21:p004:image&coords=ddd:010585926:mpeg21:p004:alto&w=1000&colour=fefe56,https://imageviewer.kb.nl/ImagingService/imagingService?id=ddd:010585926:mpeg21:p004:image&coords=ddd:010585926:mpeg21:p004:alto&w=1000&colour=fefe56&s=0.5380683346785&x=547&h=2000&y=-148,"['eerste*', 'hypothe*', 'le']"
21,Leeuwarder courant,27,27,02,2,1870,https://imageviewer.kb.nl/ImagingService/imagingService?id=ddd:010585927:mpeg21:p004:image&coords=ddd:010585927:mpeg21:p004:alto&w=1000&colour=fefe56,https://imageviewer.kb.nl/ImagingService/imagingService?id=ddd:010585927:mpeg21:p004:image&coords=ddd:010585927:mpeg21:p004:alto&w=1000&colour=fefe56&s=1.0847163466753&x=2037&h=2000&y=-174,"['eerste*', 'hypothe*', 'Hypothe*r', 'le', 'onderpa*', 'Pandbrie*', 'soli*d*', 'verban*']"
22,Leeuwarder courant,27,27,02,2,1870,https://imageviewer.kb.nl/ImagingService/imagingService?id=ddd:010585927:mpeg21:p004:image&coords=ddd:010585927:mpeg21:p004:alto&w=1000&colour=fefe56,https://imageviewer.kb.nl/ImagingService/imagingService?id=ddd:010585927:mpeg21:p004:image&coords=ddd:010585927:mpeg21:p004:alto&w=1000&colour=fefe56&s=1.115200178432&x=3119&h=2000&y=2236,"['1e', 'hypothe*', 'Ie']"
23,Leeuwarder courant,01,1,03,3,1870,https://imageviewer.kb.nl/ImagingService/imagingService?id=ddd:010585928:mpeg21:p004:image&coords=ddd:010585928:mpeg21:p004:alto&w=1000&colour=fefe56,https://imageviewer.kb.nl/ImagingService/imagingService?id=ddd:010585928:mpeg21:p004:image&coords=ddd:010585928:mpeg21:p004:alto&w=1000&colour=fefe56&s=1.0959504630391&x=103&h=2000&y=3681,"['b*sch*kba*r', 'hypoth*']"
24,Leeuwarder courant,13,13,03,3,1870,https://imageviewer.kb.nl/ImagingService/imagingService?id=ddd:010585933:mpeg21:p006:image&coords=ddd:010585933:mpeg21:p006:alto&w=1000&colour=fefe56,https://imageviewer.kb.nl/ImagingService/imagingService?id=ddd:010585933:mpeg21:p006:image&coords=ddd:010585933:mpeg21:p006:alto&w=1000&colour=fefe56&s=1.0909289259805&x=102&h=2000&y=-580,"['eerste*', 'hypothe*', 'Hypothe*r', 'onderpa*', 'Pandbrie*', 'soli*d*', 'verban*']"
25,Leeuwarder courant,18,18,03,3,1870,https://imageviewer.kb.nl/ImagingService/imagingService?id=ddd:010585935:mpeg21:p002:image&coords=ddd:010585935:mpeg21:p002:alto&w=1000&colour=fefe56,https://imageviewer.kb.nl/ImagingService/imagingService?id=ddd:010585935:mpeg21:p002:image&coords=ddd:010585935:mpeg21:p002:alto&w=1000&colour=fefe56&s=1.0871928680148&x=1063&h=2000&y=4254,"['eerste*', 'hypothe*', 'Ie', 'notaris']"
26,Leeuwarder courant,18,18,03,3,1870,https://imageviewer.kb.nl/ImagingService/imagingService?id=ddd:010585935:mpeg21:p006:image&coords=ddd:010585935:mpeg21:p006:alto&w=1000&colour=fefe56,https://imageviewer.kb.nl/ImagingService/imagingService?id=ddd:010585935:mpeg21:p006:image&coords=ddd:010585935:mpeg21:p006:alto&w=1000&colour=fefe56&s=1.0946907498632&x=117&h=2000&y=1527,"['hypothe*', 'Ie', 'le', 'lste', 'notaris']"
27,Leeuwarder courant,18,18,03,3,1870,https://imageviewer.kb.nl/ImagingService/imagingService?id=ddd:010585935:mpeg21:p010:image&coords=ddd:010585935:mpeg21:p010:alto&w=1000&colour=fefe56,https://imageviewer.kb.nl/ImagingService/imagingService?id=ddd:010585935:mpeg21:p010:image&coords=ddd:010585935:mpeg21:p010:alto&w=1000&colour=fefe56&s=1.1310937676733&x=1153&h=2000&y=2841,"['bil*k*', 'rente*']"
28,Leeuwarder courant,22,22,03,3,1870,https://imageviewer.kb.nl/ImagingService/imagingService?id=ddd:010585937:mpeg21:p004:image&coords=ddd:010585937:mpeg21:p004:alto&w=1000&colour=fefe56,https://imageviewer.kb.nl/ImagingService/imagingService?id=ddd:010585937:mpeg21:p004:image&coords=ddd:010585937:mpeg21:p004:alto&w=1000&colour=fefe56&s=1.0984786071291&x=1095&h=2000&y=4552,"['hypothe*', 'Ie', 'Iste', 'notaris']"
29,Leeuwarder courant,25,25,03,3,1870,https://imageviewer.kb.nl/ImagingService/imagingService?id=ddd:010585938:mpeg21:p007:image&coords=ddd:010585938:mpeg21:p007:alto&w=1000&colour=fefe56,https://imageviewer.kb.nl/ImagingService/imagingService?id=ddd:010585938:mpeg21:p007:image&coords=ddd:010585938:mpeg21:p007:alto&w=1000&colour=fefe56&s=1.1178180192265&x=2079&h=2000&y=1275,"['eerste*', 'hypothe*', 'Ie', 'le', 'lste', 'notaris']"
30,Leeuwarder courant,27,27,03,3,1870,https://imageviewer.kb.nl/ImagingService/imagingService?id=ddd:010585939:mpeg21:p004:image&coords=ddd:010585939:mpeg21:p004:alto&w=1000&colour=fefe56,https://imageviewer.kb.nl/ImagingService/imagingService?id=ddd:010585939:mpeg21:p004:image&coords=ddd:010585939:mpeg21:p004:alto&w=1000&colour=fefe56&s=1.0984786071291&x=1091&h=2000&y=432,"['eerste*', 'hypothe*', 'Hypothe*r', 'onderpa*', 'Pandbrie*', 'soli*d*', 'verban*']"
31,Leeuwarder courant,27,27,03,3,1870,https://imageviewer.kb.nl/ImagingService/imagingService?id=ddd:010585939:mpeg21:p004:image&coords=ddd:010585939:mpeg21:p004:alto&w=1000&colour=fefe56,https://imageviewer.kb.nl/ImagingService/imagingService?id=ddd:010585939:mpeg21:p004:image&coords=ddd:010585939:mpeg21:p004:alto&w=1000&colour=fefe56&s=0.54608999563128&x=546&h=2000&y=1660,"['eerste*', 'hypothe*', 'le']"
32,Leeuwarder courant,29,29,03,3,1870,https://imageviewer.kb.nl/ImagingService/imagingService?id=ddd:010585940:mpeg21:p004:image&coords=ddd:010585940:mpeg21:p004:alto&w=1000&colour=fefe56,https://imageviewer.kb.nl/ImagingService/imagingService?id=ddd:010585940:mpeg21:p004:image&coords=ddd:010585940:mpeg21:p004:alto&w=1000&colour=fefe56&s=0.54020473759555&x=548&h=2000&y=-378,"['eerste*', 'hypothe*', 'lste']"
33,Leeuwarder courant,01,1,04,4,1870,https://imageviewer.kb.nl/ImagingService/imagingService?id=ddd:010585941:mpeg21:p005:image&coords=ddd:010585941:mpeg21:p005:alto&w=1000&colour=fefe56,https://imageviewer.kb.nl/ImagingService/imagingService?id=ddd:010585941:mpeg21:p005:image&coords=ddd:010585941:mpeg21:p005:alto&w=1000&colour=fefe56&s=1.0934339292548&x=2030&h=2000&y=3101,"['eerste*', 'hypothe*', 'notaris']"
34,Leeuwarder courant,01,1,04,4,1870,https://imageviewer.kb.nl/ImagingService/imagingService?id=ddd:010585941:mpeg21:p006:image&coords=ddd:010585941:mpeg21:p006:alto&w=1000&colour=fefe56,https://imageviewer.kb.nl/ImagingService/imagingService?id=ddd:010585941:mpeg21:p006:image&coords=ddd:010585941:mpeg21:p006:alto&w=1000&colour=fefe56&s=1.0909289259805&x=99&h=2000&y=-739,"['b*sch*kba*r', 'eerste*', 'hypoth*', 'hypothe*', 'notaris', 'overwa*rde*', 'ru*me*', 'vold*nde*']"
35,Leeuwarder courant,05,5,04,4,1870,https://imageviewer.kb.nl/ImagingService/imagingService?id=ddd:010585943:mpeg21:p004:image&coords=ddd:010585943:mpeg21:p004:alto&w=1000&colour=fefe56,https://imageviewer.kb.nl/ImagingService/imagingService?id=ddd:010585943:mpeg21:p004:image&coords=ddd:010585943:mpeg21:p004:alto&w=1000&colour=fefe56&s=0.54112554112554&x=549&h=2000&y=-255,"['bil*k*', 'hypothe*', 'lste', 'rente*']"
36,Leeuwarder courant,12,12,04,4,1870,https://imageviewer.kb.nl/ImagingService/imagingService?id=ddd:010585946:mpeg21:p006:image&coords=ddd:010585946:mpeg21:p006:alto&w=1000&colour=fefe56,https://imageviewer.kb.nl/ImagingService/imagingService?id=ddd:010585946:mpeg21:p006:image&coords=ddd:010585946:mpeg21:p006:alto&w=1000&colour=fefe56&s=1.0511931041732&x=2912&h=2000&y=-361,"['onderpa*', 'Pandbrie*', 'soli*d*']"
37,Leeuwarder courant,15,15,04,4,1870,https://imageviewer.kb.nl/ImagingService/imagingService?id=ddd:010585947:mpeg21:p014:image&coords=ddd:010585947:mpeg21:p014:alto&w=1000&colour=fefe56,https://imageviewer.kb.nl/ImagingService/imagingService?id=ddd:010585947:mpeg21:p014:image&coords=ddd:010585947:mpeg21:p014:alto&w=1000&colour=fefe56&s=1.0834823121513&x=167&h=2000&y=3997,"['b*sch*kba*r', 'eerste*', 'hypoth*', 'hypothe*', 'Ie', 'Iste', 'lste']"
38,Leeuwarder courant,15,15,04,4,1870,https://imageviewer.kb.nl/ImagingService/imagingService?id=ddd:010585947:mpeg21:p014:image&coords=ddd:010585947:mpeg21:p014:alto&w=1000&colour=fefe56,https://imageviewer.kb.nl/ImagingService/imagingService?id=ddd:010585947:mpeg21:p014:image&coords=ddd:010585947:mpeg21:p014:alto&w=1000&colour=fefe56&s=1.0834823121513&x=167&h=2000&y=3997,"['b*sch*kba*r', 'eerste*', 'hypoth*', 'hypothe*', 'Ie', 'Iste', 'lste']"
39,Leeuwarder courant,24,24,04,4,1870,https://imageviewer.kb.nl/ImagingService/imagingService?id=ddd:010585951:mpeg21:p004:image&coords=ddd:010585951:mpeg21:p004:alto&w=1000&colour=fefe56,https://imageviewer.kb.nl/ImagingService/imagingService?id=ddd:010585951:mpeg21:p004:image&coords=ddd:010585951:mpeg21:p004:alto&w=1000&colour=fefe56&s=1.0749220681501&x=115&h=2000&y=-678,"['hypothe*', 'Ie', 'le', 'notaris']"
40,Leeuwarder courant,26,26,04,4,1870,https://imageviewer.kb.nl/ImagingService/imagingService?id=ddd:010585952:mpeg21:p006:image&coords=ddd:010585952:mpeg21:p006:alto&w=1000&colour=fefe56,https://imageviewer.kb.nl/ImagingService/imagingService?id=ddd:010585952:mpeg21:p006:image&coords=ddd:010585952:mpeg21:p006:alto&w=1000&colour=fefe56&s=1.0810226474245&x=1070&h=2000&y=2590,"['hypothe*', 'Ie', 'le', 'notaris']"
41,Leeuwarder courant,01,1,05,5,1870,https://imageviewer.kb.nl/ImagingService/imagingService?id=ddd:010585954:mpeg21:p004:image&coords=ddd:010585954:mpeg21:p004:alto&w=1000&colour=fefe56,https://imageviewer.kb.nl/ImagingService/imagingService?id=ddd:010585954:mpeg21:p004:image&coords=ddd:010585954:mpeg21:p004:alto&w=1000&colour=fefe56&s=1.0909289259805&x=112&h=2000&y=-175,"['a*ngebo*den', 'bil*k*', 'hypothe*', 'hypothe*b*', 'Ie', 'onderpa*', 'Pandbrie*', 'rente*']"
42,Leeuwarder courant,13,13,05,5,1870,https://imageviewer.kb.nl/ImagingService/imagingService?id=ddd:010585959:mpeg21:p008:image&coords=ddd:010585959:mpeg21:p008:alto&w=1000&colour=fefe56,https://imageviewer.kb.nl/ImagingService/imagingService?id=ddd:010585959:mpeg21:p008:image&coords=ddd:010585959:mpeg21:p008:alto&w=1000&colour=fefe56&s=1.1074197120709&x=1141&h=2000&y=1295,"['bil*k*', 'rente*']"
43,Leeuwarder courant,20,20,05,5,1870,https://imageviewer.kb.nl/ImagingService/imagingService?id=ddd:010585962:mpeg21:p003:image&coords=ddd:010585962:mpeg21:p003:alto&w=1000&colour=fefe56,https://imageviewer.kb.nl/ImagingService/imagingService?id=ddd:010585962:mpeg21:p003:image&coords=ddd:010585962:mpeg21:p003:alto&w=1000&colour=fefe56&s=0.543286339065&x=512&h=2000&y=-644,"['eerste*', 'hypothe*', 'Hypothe*r', 'le', 'verban*']"
44,Leeuwarder courant,22,22,05,5,1870,https://imageviewer.kb.nl/ImagingService/imagingService?id=ddd:010585963:mpeg21:p003:image&coords=ddd:010585963:mpeg21:p003:alto&w=1000&colour=fefe56,https://imageviewer.kb.nl/ImagingService/imagingService?id=ddd:010585963:mpeg21:p003:image&coords=ddd:010585963:mpeg21:p003:alto&w=1000&colour=fefe56&s=1.1165075643387&x=3065&h=2000&y=318,"['hypothe*', 'Iste', 'notaris']"
45,Leeuwarder courant,24,24,05,5,1870,https://imageviewer.kb.nl/ImagingService/imagingService?id=ddd:010585964:mpeg21:p003:image&coords=ddd:010585964:mpeg21:p003:alto&w=1000&colour=fefe56,https://imageviewer.kb.nl/ImagingService/imagingService?id=ddd:010585964:mpeg21:p003:image&coords=ddd:010585964:mpeg21:p003:alto&w=1000&colour=fefe56&s=1.1048502927853&x=2046&h=2000&y=-921,"['hypothe*', 'le']"
46,Leeuwarder courant,27,27,05,5,1870,https://imageviewer.kb.nl/ImagingService/imagingService?id=ddd:010585965:mpeg21:p004:image&coords=ddd:010585965:mpeg21:p004:alto&w=1000&colour=fefe56,https://imageviewer.kb.nl/ImagingService/imagingService?id=ddd:010585965:mpeg21:p004:image&coords=ddd:010585965:mpeg21:p004:alto&w=1000&colour=fefe56&s=1.2009848075422&x=3392&h=2000&y=3766,"['b*sch*kba*r', 'eerste*', 'hypoth*', 'hypothe*']"
47,Leeuwarder courant,29,29,05,5,1870,https://imageviewer.kb.nl/ImagingService/imagingService?id=ddd:010585966:mpeg21:p003:image&coords=ddd:010585966:mpeg21:p003:alto&w=1000&colour=fefe56,https://imageviewer.kb.nl/ImagingService/imagingService?id=ddd:010585966:mpeg21:p003:image&coords=ddd:010585966:mpeg21:p003:alto&w=1000&colour=fefe56&s=1.0737102056155&x=2939&h=2000&y=2304,"['eerste*', 'hypothe*', 'le', 'notaris']"
48,Leeuwarder courant,29,29,05,5,1870,https://imageviewer.kb.nl/ImagingService/imagingService?id=ddd:010585966:mpeg21:p004:image&coords=ddd:010585966:mpeg21:p004:alto&w=1000&colour=fefe56,https://imageviewer.kb.nl/ImagingService/imagingService?id=ddd:010585966:mpeg21:p004:image&coords=ddd:010585966:mpeg21:p004:alto&w=1000&colour=fefe56&s=0.54081825802439&x=547&h=2000&y=-501,"['hypothe*', 'Ie', 'notaris']"
49,Leeuwarder courant,31,31,05,5,1870,https://imageviewer.kb.nl/ImagingService/imagingService?id=ddd:010585967:mpeg21:p004:image&coords=ddd:010585967:mpeg21:p004:alto&w=1000&colour=fefe56,https://imageviewer.kb.nl/ImagingService/imagingService?id=ddd:010585967:mpeg21:p004:image&coords=ddd:010585967:mpeg21:p004:alto&w=1000&colour=fefe56&s=0.54020473759555&x=541&h=2000&y=-832,"['eerste*', 'hypothe*', 'Ie', 'le']"
50,Leeuwarder courant,03,3,06,6,1870,https://imageviewer.kb.nl/ImagingService/imagingService?id=ddd:010585968:mpeg21:p004:image&coords=ddd:010585968:mpeg21:p004:alto&w=1000&colour=fefe56,https://imageviewer.kb.nl/ImagingService/imagingService?id=ddd:010585968:mpeg21:p004:image&coords=ddd:010585968:mpeg21:p004:alto&w=1000&colour=fefe56&s=0.54359643400739&x=556&h=2000&y=64,"['eerste*', 'hypothe*']"
51,Leeuwarder courant,05,5,06,6,1870,https://imageviewer.kb.nl/ImagingService/imagingService?id=ddd:010585969:mpeg21:p003:image&coords=ddd:010585969:mpeg21:p003:alto&w=1000&colour=fefe56,https://imageviewer.kb.nl/ImagingService/imagingService?id=ddd:010585969:mpeg21:p003:image&coords=ddd:010585969:mpeg21:p003:alto&w=1000&colour=fefe56&s=1.0921799912626&x=2947&h=2000&y=-335,"['onderpa*', 'Pandbrie*', 'soli*d*']"
52,Leeuwarder courant,26,26,06,6,1870,https://imageviewer.kb.nl/ImagingService/imagingService?id=ddd:010585978:mpeg21:p003:image&coords=ddd:010585978:mpeg21:p003:alto&w=1000&colour=fefe56,https://imageviewer.kb.nl/ImagingService/imagingService?id=ddd:010585978:mpeg21:p003:image&coords=ddd:010585978:mpeg21:p003:alto&w=1000&colour=fefe56&s=1.0997470581766&x=1054&h=2000&y=2003,"['eerste*', 'hypothe*', 'Ie']"
53,Leeuwarder courant,10,10,07,7,1870,https://imageviewer.kb.nl/ImagingService/imagingService?id=ddd:010585984:mpeg21:p004:image&coords=ddd:010585984:mpeg21:p004:alto&w=1000&colour=fefe56,https://imageviewer.kb.nl/ImagingService/imagingService?id=ddd:010585984:mpeg21:p004:image&coords=ddd:010585984:mpeg21:p004:alto&w=1000&colour=fefe56&s=1.0921799912626&x=114&h=2000&y=3072,"['eerste*', 'hypothe*', 'Ie', 'le', 'onderpa*', 'Pandbrie*', 'soli*d*']"
54,Leeuwarder courant,29,29,07,7,1870,https://imageviewer.kb.nl/ImagingService/imagingService?id=ddd:010585992:mpeg21:p008:image&coords=ddd:010585992:mpeg21:p008:alto&w=1000&colour=fefe56,https://imageviewer.kb.nl/ImagingService/imagingService?id=ddd:010585992:mpeg21:p008:image&coords=ddd:010585992:mpeg21:p008:alto&w=1000&colour=fefe56&s=1.1628583057154&x=3244&h=2000&y=436,"['hypothe*', 'Ie', 'le']"
55,Leeuwarder courant,31,31,07,7,1870,https://imageviewer.kb.nl/ImagingService/imagingService?id=ddd:010585993:mpeg21:p004:image&coords=ddd:010585993:mpeg21:p004:alto&w=1000&colour=fefe56,https://imageviewer.kb.nl/ImagingService/imagingService?id=ddd:010585993:mpeg21:p004:image&coords=ddd:010585993:mpeg21:p004:alto&w=1000&colour=fefe56&s=1.1035700491089&x=2085&h=2000&y=2829,"['eerste*', 'hypothe*', 'hypothe*b*', 'Hypothe*r', 'Ie', 'le', 'onderpa*', 'Pandbrie*', 'soli*d*', 'verban*']"
56,Leeuwarder courant,31,31,07,7,1870,https://imageviewer.kb.nl/ImagingService/imagingService?id=ddd:010585993:mpeg21:p006:image&coords=ddd:010585993:mpeg21:p006:alto&w=1000&colour=fefe56,https://imageviewer.kb.nl/ImagingService/imagingService?id=ddd:010585993:mpeg21:p006:image&coords=ddd:010585993:mpeg21:p006:alto&w=1000&colour=fefe56&s=1.0984786071291&x=2064&h=2000&y=3277,"['eerste*', 'hypothe*', 'le', 'onderpa*', 'Pandbrie*', 'soli*d*']"
57,Leeuwarder courant,02,2,08,8,1870,https://imageviewer.kb.nl/ImagingService/imagingService?id=ddd:010585994:mpeg21:p004:image&coords=ddd:010585994:mpeg21:p004:alto&w=1000&colour=fefe56,https://imageviewer.kb.nl/ImagingService/imagingService?id=ddd:010585994:mpeg21:p004:image&coords=ddd:010585994:mpeg21:p004:alto&w=1000&colour=fefe56&s=1.1614401858304&x=3242&h=2000&y=1203,"['hypothe*', 'lste']"
58,Leeuwarder courant,07,7,08,8,1870,https://imageviewer.kb.nl/ImagingService/imagingService?id=ddd:010585996:mpeg21:p004:image&coords=ddd:010585996:mpeg21:p004:alto&w=1000&colour=fefe56,https://imageviewer.kb.nl/ImagingService/imagingService?id=ddd:010585996:mpeg21:p004:image&coords=ddd:010585996:mpeg21:p004:alto&w=1000&colour=fefe56&s=1.1178180192265&x=3123&h=2000&y=-556,"['eerste*', 'hypothe*', 'Hypothe*r', 'le', 'onderpa*', 'Pandbrie*', 'soli*d*', 'verban*']"
59,Leeuwarder courant,09,9,08,8,1870,https://imageviewer.kb.nl/ImagingService/imagingService?id=ddd:010585997:mpeg21:p005:image&coords=ddd:010585997:mpeg21:p005:alto&w=1000&colour=fefe56,https://imageviewer.kb.nl/ImagingService/imagingService?id=ddd:010585997:mpeg21:p005:image&coords=ddd:010585997:mpeg21:p005:alto&w=1000&colour=fefe56&s=1.0921799912626&x=2057&h=2000&y=1971,"['eerste*', 'hypothe*', 'le', 'notaris']"
60,Leeuwarder courant,30,30,08,8,1870,https://imageviewer.kb.nl/ImagingService/imagingService?id=ddd:010586006:mpeg21:p003:image&coords=ddd:010586006:mpeg21:p003:alto&w=1000&colour=fefe56,https://imageviewer.kb.nl/ImagingService/imagingService?id=ddd:010586006:mpeg21:p003:image&coords=ddd:010586006:mpeg21:p003:alto&w=1000&colour=fefe56&s=1.0737102056155&x=2918&h=2000&y=2998,"['onderpa*', 'Pandbrie*', 'soli*d*']"
61,Leeuwarder courant,30,30,08,8,1870,https://imageviewer.kb.nl/ImagingService/imagingService?id=ddd:010586006:mpeg21:p004:image&coords=ddd:010586006:mpeg21:p004:alto&w=1000&colour=fefe56,https://imageviewer.kb.nl/ImagingService/imagingService?id=ddd:010586006:mpeg21:p004:image&coords=ddd:010586006:mpeg21:p004:alto&w=1000&colour=fefe56&s=1.1994722322178&x=3404&h=2000&y=3920,"['b*sch*kba*r', 'hypoth*', 'hypothe*', 'le', 'lste']"
62,Leeuwarder courant,09,9,09,9,1870,https://imageviewer.kb.nl/ImagingService/imagingService?id=ddd:010586010:mpeg21:p004:image&coords=ddd:010586010:mpeg21:p004:alto&w=1000&colour=fefe56,https://imageviewer.kb.nl/ImagingService/imagingService?id=ddd:010586010:mpeg21:p004:image&coords=ddd:010586010:mpeg21:p004:alto&w=1000&colour=fefe56&s=1.1572065035005&x=3266&h=2000&y=954,"['gevr*g*', 'rente*', 'tegen']"
63,Leeuwarder courant,16,16,09,9,1870,https://imageviewer.kb.nl/ImagingService/imagingService?id=ddd:010586013:mpeg21:p008:image&coords=ddd:010586013:mpeg21:p008:alto&w=1000&colour=fefe56,https://imageviewer.kb.nl/ImagingService/imagingService?id=ddd:010586013:mpeg21:p008:image&coords=ddd:010586013:mpeg21:p008:alto&w=1000&colour=fefe56&s=1.0946907498632&x=2105&h=2000&y=1211,"['eerste*', 'gevr*g*', 'hypothe*', 'rente*', 'tegen']"
64,Leeuwarder courant,18,18,09,9,1870,https://imageviewer.kb.nl/ImagingService/imagingService?id=ddd:010586014:mpeg21:p006:image&coords=ddd:010586014:mpeg21:p006:alto&w=1000&colour=fefe56,https://imageviewer.kb.nl/ImagingService/imagingService?id=ddd:010586014:mpeg21:p006:image&coords=ddd:010586014:mpeg21:p006:alto&w=1000&colour=fefe56&s=1.0934339292548&x=2066&h=2000&y=2374,"['eerste*', 'hypothe*', 'hypothe*b*', 'Hypothe*r', 'onderpa*', 'Pandbrie*', 'soli*d*', 'verban*']"
65,Leeuwarder courant,04,4,10,10,1870,https://imageviewer.kb.nl/ImagingService/imagingService?id=ddd:010586021:mpeg21:p003:image&coords=ddd:010586021:mpeg21:p003:alto&w=1000&colour=fefe56,https://imageviewer.kb.nl/ImagingService/imagingService?id=ddd:010586021:mpeg21:p003:image&coords=ddd:010586021:mpeg21:p003:alto&w=1000&colour=fefe56&s=1.0909289259805&x=2992&h=2000&y=238,"['eerste*', 'hypothe*', 'Hypothe*r', 'onderpa*', 'Pandbrie*', 'soli*d*', 'verban*']"
66,Leeuwarder courant,14,14,10,10,1870,https://imageviewer.kb.nl/ImagingService/imagingService?id=ddd:010586025:mpeg21:p003:image&coords=ddd:010586025:mpeg21:p003:alto&w=1000&colour=fefe56,https://imageviewer.kb.nl/ImagingService/imagingService?id=ddd:010586025:mpeg21:p003:image&coords=ddd:010586025:mpeg21:p003:alto&w=1000&colour=fefe56&s=1.0871928680148&x=2009&h=2000&y=1840,"['eerste*', 'hypothe*', 'onderpa*', 'Pandbrie*', 'soli*d*']"
67,Leeuwarder courant,18,18,10,10,1870,https://imageviewer.kb.nl/ImagingService/imagingService?id=ddd:010586027:mpeg21:p004:image&coords=ddd:010586027:mpeg21:p004:alto&w=1000&colour=fefe56,https://imageviewer.kb.nl/ImagingService/imagingService?id=ddd:010586027:mpeg21:p004:image&coords=ddd:010586027:mpeg21:p004:alto&w=1000&colour=fefe56&s=1.0688899577788&x=119&h=2000&y=1992,"['bil*k*', 'rente*']"
68,Leeuwarder courant,25,25,10,10,1870,https://imageviewer.kb.nl/ImagingService/imagingService?id=ddd:010586030:mpeg21:p002:image&coords=ddd:010586030:mpeg21:p002:alto&w=1000&colour=fefe56,https://imageviewer.kb.nl/ImagingService/imagingService?id=ddd:010586030:mpeg21:p002:image&coords=ddd:010586030:mpeg21:p002:alto&w=1000&colour=fefe56&s=1.0972130787799&x=114&h=2000&y=4047,"['Hypothe*r', 'onderpa*', 'soli*d*', 'verban*']"
69,Leeuwarder courant,04,4,11,11,1870,https://imageviewer.kb.nl/ImagingService/imagingService?id=ddd:010586034:mpeg21:p008:image&coords=ddd:010586034:mpeg21:p008:alto&w=1000&colour=fefe56,https://imageviewer.kb.nl/ImagingService/imagingService?id=ddd:010586034:mpeg21:p008:image&coords=ddd:010586034:mpeg21:p008:alto&w=1000&colour=fefe56&s=1.1516093741003&x=3229&h=2000&y=1558,"['gevr*g*', 'rente*', 'tegen']"
70,Leeuwarder courant,06,6,11,11,1870,https://imageviewer.kb.nl/ImagingService/imagingService?id=ddd:010586035:mpeg21:p003:image&coords=ddd:010586035:mpeg21:p003:alto&w=1000&colour=fefe56,https://imageviewer.kb.nl/ImagingService/imagingService?id=ddd:010586035:mpeg21:p003:image&coords=ddd:010586035:mpeg21:p003:alto&w=1000&colour=fefe56&s=1.0834823121513&x=2994&h=2000&y=-150,"['bil*k*', 'rente*']"
71,Leeuwarder courant,11,11,11,11,1870,https://imageviewer.kb.nl/ImagingService/imagingService?id=ddd:010586037:mpeg21:p007:image&coords=ddd:010586037:mpeg21:p007:alto&w=1000&colour=fefe56,https://imageviewer.kb.nl/ImagingService/imagingService?id=ddd:010586037:mpeg21:p007:image&coords=ddd:010586037:mpeg21:p007:alto&w=1000&colour=fefe56&s=1.0909289259805&x=2040&h=2000&y=2783,"['bil*k*', 'hypothe*', 'le', 'rente*']"
72,Leeuwarder courant,11,11,11,11,1870,https://imageviewer.kb.nl/ImagingService/imagingService?id=ddd:010586037:mpeg21:p008:image&coords=ddd:010586037:mpeg21:p008:alto&w=1000&colour=fefe56,https://imageviewer.kb.nl/ImagingService/imagingService?id=ddd:010586037:mpeg21:p008:image&coords=ddd:010586037:mpeg21:p008:alto&w=1000&colour=fefe56&s=1.0737102056155&x=118&h=2000&y=2264,"['hypothe*', 'hypothe*b*', 'le']"
73,Leeuwarder courant,13,13,11,11,1870,https://imageviewer.kb.nl/ImagingService/imagingService?id=ddd:010586038:mpeg21:p004:image&coords=ddd:010586038:mpeg21:p004:alto&w=1000&colour=fefe56,https://imageviewer.kb.nl/ImagingService/imagingService?id=ddd:010586038:mpeg21:p004:image&coords=ddd:010586038:mpeg21:p004:alto&w=1000&colour=fefe56&s=1.1112963271656&x=1130&h=2000&y=4024,"['Hypothe*r', 'Pandbrie*', 'verban*']"
74,Leeuwarder courant,18,18,11,11,1870,https://imageviewer.kb.nl/ImagingService/imagingService?id=ddd:010586040:mpeg21:p008:image&coords=ddd:010586040:mpeg21:p008:alto&w=1000&colour=fefe56,https://imageviewer.kb.nl/ImagingService/imagingService?id=ddd:010586040:mpeg21:p008:image&coords=ddd:010586040:mpeg21:p008:alto&w=1000&colour=fefe56&s=1.0688899577788&x=91&h=2000&y=1643,"['bil*k*', 'rente*']"
75,Leeuwarder courant,20,20,11,11,1870,https://imageviewer.kb.nl/ImagingService/imagingService?id=ddd:010586041:mpeg21:p004:image&coords=ddd:010586041:mpeg21:p004:alto&w=1000&colour=fefe56,https://imageviewer.kb.nl/ImagingService/imagingService?id=ddd:010586041:mpeg21:p004:image&coords=ddd:010586041:mpeg21:p004:alto&w=1000&colour=fefe56&s=0.53175932572917&x=522&h=2000&y=426,"['hypothe*', 'le']"
76,Leeuwarder courant,22,22,11,11,1870,https://imageviewer.kb.nl/ImagingService/imagingService?id=ddd:010586042:mpeg21:p003:image&coords=ddd:010586042:mpeg21:p003:alto&w=1000&colour=fefe56,https://imageviewer.kb.nl/ImagingService/imagingService?id=ddd:010586042:mpeg21:p003:image&coords=ddd:010586042:mpeg21:p003:alto&w=1000&colour=fefe56&s=1.0997470581766&x=2052&h=2000&y=3040,"['eerste*', 'hypothe*', 'hypothe*b*', 'Hypothe*r', 'Ie', 'Pandbrie*', 'verban*']"
77,Leeuwarder courant,29,29,11,11,1870,https://imageviewer.kb.nl/ImagingService/imagingService?id=ddd:010586045:mpeg21:p003:image&coords=ddd:010586045:mpeg21:p003:alto&w=1000&colour=fefe56,https://imageviewer.kb.nl/ImagingService/imagingService?id=ddd:010586045:mpeg21:p003:image&coords=ddd:010586045:mpeg21:p003:alto&w=1000&colour=fefe56&s=0.53354675203415&x=501&h=2000&y=-82,"['hypothe*', 'Ie', 'le']"
78,Leeuwarder courant,06,6,12,12,1870,https://imageviewer.kb.nl/ImagingService/imagingService?id=ddd:010586048:mpeg21:p006:image&coords=ddd:010586048:mpeg21:p006:alto&w=1000&colour=fefe56,https://imageviewer.kb.nl/ImagingService/imagingService?id=ddd:010586048:mpeg21:p006:image&coords=ddd:010586048:mpeg21:p006:alto&w=1000&colour=fefe56&s=1.0785741250067&x=2005&h=2000&y=3902,"['hypothe*', 'Hypothe*r', 'le', 'onderpa*', 'Pandbrie*', 'soli*d*', 'verban*']"
79,Leeuwarder courant,09,9,12,12,1870,https://imageviewer.kb.nl/ImagingService/imagingService?id=ddd:010586049:mpeg21:p008:image&coords=ddd:010586049:mpeg21:p008:alto&w=1000&colour=fefe56,https://imageviewer.kb.nl/ImagingService/imagingService?id=ddd:010586049:mpeg21:p008:image&coords=ddd:010586049:mpeg21:p008:alto&w=1000&colour=fefe56&s=1.0909289259805&x=2091&h=2000&y=1798,"['b*sch*kba*r', 'hypoth*', 'hypothe*', 'notaris']"
80,Leeuwarder courant,09,9,12,12,1870,https://imageviewer.kb.nl/ImagingService/imagingService?id=ddd:010586049:mpeg21:p012:image&coords=ddd:010586049:mpeg21:p012:alto&w=1000&colour=fefe56,https://imageviewer.kb.nl/ImagingService/imagingService?id=ddd:010586049:mpeg21:p012:image&coords=ddd:010586049:mpeg21:p012:alto&w=1000&colour=fefe56&s=1.1178180192265&x=2137&h=2000&y=-402,"['gevr*g*', 'leen', 'rente*', 'tegen']"
81,Leeuwarder courant,16,16,12,12,1870,https://imageviewer.kb.nl/ImagingService/imagingService?id=ddd:010586051:mpeg21:p012:image&coords=ddd:010586051:mpeg21:p012:alto&w=1000&colour=fefe56,https://imageviewer.kb.nl/ImagingService/imagingService?id=ddd:010586051:mpeg21:p012:image&coords=ddd:010586051:mpeg21:p012:alto&w=1000&colour=fefe56&s=1.0847163466753&x=1083&h=2000&y=140,"['gevr*g*', 'rente*', 'tegen']"
82,Leeuwarder courant,20,20,12,12,1870,https://imageviewer.kb.nl/ImagingService/imagingService?id=ddd:010586053:mpeg21:p004:image&coords=ddd:010586053:mpeg21:p004:alto&w=1000&colour=fefe56,https://imageviewer.kb.nl/ImagingService/imagingService?id=ddd:010586053:mpeg21:p004:image&coords=ddd:010586053:mpeg21:p004:alto&w=1000&colour=fefe56&s=1.0997470581766&x=3055&h=2000&y=1988,"['hypothe*', 'le']"
83,Provinciale Overijsselsche en Zwolsche courant,04,4,01,1,1870,https://imageviewer.kb.nl/ImagingService/imagingService?id=MMHCO01:000065486:mpeg21:p004:image&coords=MMHCO01:000065486:p004:alto&w=1000&colour=fefe56,https://imageviewer.kb.nl/ImagingService/imagingService?id=MMHCO01:000065486:mpeg21:p004:image&coords=MMHCO01:000065486:p004:alto&w=1000&colour=fefe56&s=0.97082665890005&x=207&h=2000&y=2350,"['1ste', 'eerste*', 'hypothe*']"
84,Provinciale Overijsselsche en Zwolsche courant,15,15,01,1,1870,https://imageviewer.kb.nl/ImagingService/imagingService?id=MMHCO01:000065497:mpeg21:p003:image&coords=MMHCO01:000065497:p003:alto&w=1000&colour=fefe56,https://imageviewer.kb.nl/ImagingService/imagingService?id=MMHCO01:000065497:mpeg21:p003:image&coords=MMHCO01:000065497:p003:alto&w=1000&colour=fefe56&s=0.99935042222555&x=1088&h=2000&y=2584,"['gevr*g*', 'rente*', 'tegen']"
85,Provinciale Overijsselsche en Zwolsche courant,18,18,01,1,1870,https://imageviewer.kb.nl/ImagingService/imagingService?id=MMHCO01:000065499:mpeg21:p004:image&coords=MMHCO01:000065499:p004:alto&w=1000&colour=fefe56,https://imageviewer.kb.nl/ImagingService/imagingService?id=MMHCO01:000065499:mpeg21:p004:image&coords=MMHCO01:000065499:p004:alto&w=1000&colour=fefe56&s=0.94858660595712&x=226&h=2000&y=125,"['gevr*g*', 'rente*', 'tegen']"
86,Provinciale Overijsselsche en Zwolsche courant,26,26,01,1,1870,https://imageviewer.kb.nl/ImagingService/imagingService?id=MMHCO01:000065509:mpeg21:p004:image&coords=MMHCO01:000065509:p004:alto&w=1000&colour=fefe56,https://imageviewer.kb.nl/ImagingService/imagingService?id=MMHCO01:000065509:mpeg21:p004:image&coords=MMHCO01:000065509:p004:alto&w=1000&colour=fefe56&s=0.49654898455733&x=633&h=2000&y=-841,"['eerste*', 'hypothe*', 'le']"
87,Provinciale Overijsselsche en Zwolsche courant,31,31,01,1,1870,https://imageviewer.kb.nl/ImagingService/imagingService?id=MMHCO01:000065513:mpeg21:p004:image&coords=MMHCO01:000065513:p004:alto&w=1000&colour=fefe56,https://imageviewer.kb.nl/ImagingService/imagingService?id=MMHCO01:000065513:mpeg21:p004:image&coords=MMHCO01:000065513:p004:alto&w=1000&colour=fefe56&s=0.47714476572192&x=570&h=2000&y=-841,"['eerste*', 'hypothe*']"
88,Provinciale Overijsselsche en Zwolsche courant,17,17,02,2,1870,https://imageviewer.kb.nl/ImagingService/imagingService?id=MMHCO01:000065532:mpeg21:p004:image&coords=MMHCO01:000065532:p004:alto&w=1000&colour=fefe56,https://imageviewer.kb.nl/ImagingService/imagingService?id=MMHCO01:000065532:mpeg21:p004:image&coords=MMHCO01:000065532:p004:alto&w=1000&colour=fefe56&s=0.98386462022826&x=1175&h=2000&y=-756,"['gevr*g*', 'hypothe*b*', 'Pandbrie*', 'rente*', 'tegen']"
89,Provinciale Overijsselsche en Zwolsche courant,22,22,02,2,1870,https://imageviewer.kb.nl/ImagingService/imagingService?id=MMHCO01:000065536:mpeg21:p004:image&coords=MMHCO01:000065536:p004:alto&w=1000&colour=fefe56,https://imageviewer.kb.nl/ImagingService/imagingService?id=MMHCO01:000065536:mpeg21:p004:image&coords=MMHCO01:000065536:p004:alto&w=1000&colour=fefe56&s=0.48124353329002&x=89&h=2000&y=-671,"['eerste*', 'hypothe*']"
90,Provinciale Overijsselsche en Zwolsche courant,23,23,02,2,1870,https://imageviewer.kb.nl/ImagingService/imagingService?id=MMHCO01:000065537:mpeg21:p004:image&coords=MMHCO01:000065537:p004:alto&w=1000&colour=fefe56,https://imageviewer.kb.nl/ImagingService/imagingService?id=MMHCO01:000065537:mpeg21:p004:image&coords=MMHCO01:000065537:p004:alto&w=1000&colour=fefe56&s=0.48246248854152&x=103&h=2000&y=-680,"['eerste*', 'hypothe*', 'Ie']"
91,Provinciale Overijsselsche en Zwolsche courant,25,25,02,2,1870,https://imageviewer.kb.nl/ImagingService/imagingService?id=MMHCO01:000065539:mpeg21:p004:image&coords=MMHCO01:000065539:p004:alto&w=1000&colour=fefe56,https://imageviewer.kb.nl/ImagingService/imagingService?id=MMHCO01:000065539:mpeg21:p004:image&coords=MMHCO01:000065539:p004:alto&w=1000&colour=fefe56&s=0.48690232739312&x=112&h=2000&y=-583,"['eerste*', 'hypothe*', 'Ie']"
92,Provinciale Overijsselsche en Zwolsche courant,26,26,02,2,1870,https://imageviewer.kb.nl/ImagingService/imagingService?id=MMHCO01:000065540:mpeg21:p004:image&coords=MMHCO01:000065540:p004:alto&w=1000&colour=fefe56,https://imageviewer.kb.nl/ImagingService/imagingService?id=MMHCO01:000065540:mpeg21:p004:image&coords=MMHCO01:000065540:p004:alto&w=1000&colour=fefe56&s=0.48246248854152&x=84&h=2000&y=-326,"['eerste*', 'hypothe*', 'Ie']"
93,Provinciale Overijsselsche en Zwolsche courant,02,2,03,3,1870,https://imageviewer.kb.nl/ImagingService/imagingService?id=MMHCO01:000065543:mpeg21:p004:image&coords=MMHCO01:000065543:p004:alto&w=1000&colour=fefe56,https://imageviewer.kb.nl/ImagingService/imagingService?id=MMHCO01:000065543:mpeg21:p004:image&coords=MMHCO01:000065543:p004:alto&w=1000&colour=fefe56&s=0.96688421561518&x=224&h=2000&y=-863,"['hypothe*', 'hypothe*b*', 'Ie', 'le']"
94,Provinciale Overijsselsche en Zwolsche courant,02,2,03,3,1870,https://imageviewer.kb.nl/ImagingService/imagingService?id=MMHCO01:000065543:mpeg21:p004:image&coords=MMHCO01:000065543:p004:alto&w=1000&colour=fefe56,https://imageviewer.kb.nl/ImagingService/imagingService?id=MMHCO01:000065543:mpeg21:p004:image&coords=MMHCO01:000065543:p004:alto&w=1000&colour=fefe56&s=0.48765025723551&x=600&h=2000&y=-731,"['b*sch*kba*r', 'hypoth*']"
95,Provinciale Overijsselsche en Zwolsche courant,07,7,03,3,1870,https://imageviewer.kb.nl/ImagingService/imagingService?id=MMHCO01:000065547:mpeg21:p003:image&coords=MMHCO01:000065547:p003:alto&w=1000&colour=fefe56,https://imageviewer.kb.nl/ImagingService/imagingService?id=MMHCO01:000065547:mpeg21:p003:image&coords=MMHCO01:000065547:p003:alto&w=1000&colour=fefe56&s=0.91751536838242&x=1854&h=2000&y=-77,"['hypothe*', 'Ie']"
96,Provinciale Overijsselsche en Zwolsche courant,08,8,03,3,1870,https://imageviewer.kb.nl/ImagingService/imagingService?id=MMHCO01:000065548:mpeg21:p004:image&coords=MMHCO01:000065548:p004:alto&w=1000&colour=fefe56,https://imageviewer.kb.nl/ImagingService/imagingService?id=MMHCO01:000065548:mpeg21:p004:image&coords=MMHCO01:000065548:p004:alto&w=1000&colour=fefe56&s=0.94953235531501&x=233&h=2000&y=1433,"['gevr*g*', 'gez*ht', 'rente*', 'tegen']"
97,Provinciale Overijsselsche en Zwolsche courant,17,17,03,3,1870,https://imageviewer.kb.nl/ImagingService/imagingService?id=MMHCO01:000065555:mpeg21:p004:image&coords=MMHCO01:000065555:p004:alto&w=1000&colour=fefe56,https://imageviewer.kb.nl/ImagingService/imagingService?id=MMHCO01:000065555:mpeg21:p004:image&coords=MMHCO01:000065555:p004:alto&w=1000&colour=fefe56&s=0.48003072196621&x=591&h=2000&y=-672,"['eerste*', 'gez*ht', 'hypothe*', 'Hypothe*r', 'rente*', 'tegen', 'verban*']"
98,Provinciale Overijsselsche en Zwolsche courant,22,22,03,3,1870,https://imageviewer.kb.nl/ImagingService/imagingService?id=MMHCO01:000065559:mpeg21:p004:image&coords=MMHCO01:000065559:p004:alto&w=1000&colour=fefe56,https://imageviewer.kb.nl/ImagingService/imagingService?id=MMHCO01:000065559:mpeg21:p004:image&coords=MMHCO01:000065559:p004:alto&w=1000&colour=fefe56&s=0.90789413954333&x=144&h=2000&y=601,"['eerste*', 'hypothe*']"
99,Provinciale Overijsselsche en Zwolsche courant,26,26,03,3,1870,https://imageviewer.kb.nl/ImagingService/imagingService?id=MMHCO01:000065563:mpeg21:p004:image&coords=MMHCO01:000065563:p004:alto&w=1000&colour=fefe56,https://imageviewer.kb.nl/ImagingService/imagingService?id=MMHCO01:000065563:mpeg21:p004:image&coords=MMHCO01:000065563:p004:alto&w=1000&colour=fefe56&s=0.48393341076268&x=115&h=2000&y=-528,"['eerste*', 'hypothe*', 'lste']"
100,Provinciale Overijsselsche en Zwolsche courant,28,28,03,3,1870,https://imageviewer.kb.nl/ImagingService/imagingService?id=MMHCO01:000065564:mpeg21:p004:image&coords=MMHCO01:000065564:p004:alto&w=1000&colour=fefe56,https://imageviewer.kb.nl/ImagingService/imagingService?id=MMHCO01:000065564:mpeg21:p004:image&coords=MMHCO01:000065564:p004:alto&w=1000&colour=fefe56&s=0.48740069210898&x=101&h=2000&y=141,"['hypothe*', 'lste']"
101,Provinciale Overijsselsche en Zwolsche courant,29,29,03,3,1870,https://imageviewer.kb.nl/ImagingService/imagingService?id=MMHCO01:000065565:mpeg21:p004:image&coords=MMHCO01:000065565:p004:alto&w=1000&colour=fefe56,https://imageviewer.kb.nl/ImagingService/imagingService?id=MMHCO01:000065565:mpeg21:p004:image&coords=MMHCO01:000065565:p004:alto&w=1000&colour=fefe56&s=0.4733503739468&x=68&h=2000&y=-533,"['hypothe*', 'lste']"
